eventid,iyear,imonth,iday,provstate,city,latitude,longitude,vicinity,crit1,multiple,attacktype1_txt,attacktype2_txt,targtype1_txt,targsubtype1_txt,corp1,target1,natlty1_txt,targtype2_txt,targsubtype2_txt,corp2,target2,natlty2_txt,targtype3_txt,targsubtype3_txt,corp3,target3,natlty3_txt,gname,gname2,gsubname2,individual,nperps,nperpcap,claimed,claimmode_txt,weaptype1_txt,weapsubtype1_txt,weaptype2_txt,weapsubtype2_txt,weaptype3_txt,weapsubtype3_txt,nkill,nkillus,nkillter,nwound,nwoundus,nwoundte,property,propextent_txt,ishostkid,nhostkid,nhostkidus,nhours,ransom,hostkidoutcome,hostkidoutcome_txt,nreleased,INT_LOG,INT_IDEO,INT_MISC,INT_ANY,Twitter
2.02E+11,2015,5,3,Texas,Garland,32.959034,-96.641877,0,1,0,Armed Assault,,Private Citizens & Property,"Procession/Gathering (funeral, wedding, birthday, religious)",American Freedom Defense Initiative (AFDI),Muhammad Art Exhibit and Contest,United States,,,,,,,,,,,Jihadi-inspired extremists,,,1,2,0,1,"Posted to website, blog, etc.",Firearms,Automatic Weapon,,,,,2,2,2,1,1,0,0,,0,,,,,,,,-9,-9,0,-9,1
2.02E+11,2015,6,17,South Carolina,Charleston,32.787474,-79.933101,0,1,0,Armed Assault,,Religious Figures/Institutions,Place of Worship,Emanuel African Methodist Episcopal Church,Church,United States,,,,,,,,,,,White extremists,,,1,1,1,1,Personal claim,Firearms,Handgun,,,,,9,9,0,0,0,0,-9,,0,,,,,,,,-9,-9,0,-9,1
2.02E+11,2015,7,16,Tennessee,Chattanooga,35.031789,-85.184718,0,1,1,Armed Assault,,Military,Military Recruiting Station/Academy,United States Armed Forces,Recruiting Station,United States,,,,,,,,,,,Muslim extremists,,,1,1,0,0,,Firearms,Automatic Weapon,Firearms,Handgun,Firearms,Rifle/Shotgun (non-automatic),6,6,1,2,2,0,1,Minor (likely < $1 million),0,,,,,,,,-9,-9,0,-9,0
2.02E+11,2015,7,16,Tennessee,Chattanooga,35.095083,-85.253424,0,1,1,Armed Assault,,Military,Military Recruiting Station/Academy,United States Armed Forces,Recruiting Station,United States,,,,,,,,,,,Muslim extremists,,,1,1,0,0,,Firearms,Automatic Weapon,Firearms,Handgun,Firearms,Rifle/Shotgun (non-automatic),6,6,1,2,2,0,0,,0,,,,,,,,-9,-9,0,-9,0
2.02E+11,2015,7,23,Louisiana,Lafayette,30.201966,-92.045686,0,1,0,Armed Assault,,Business,Entertainment/Cultural/Stadium/Casino,Grand Theatre,Movie Theatre,United States,,,,,,,,,,,Anti-Government extremists,,,1,1,0,1,Personal claim,Firearms,Handgun,,,,,3,3,1,9,9,0,0,,0,,,,,,,,-9,-9,0,-9,1
2.02E+11,2015,11,1,Mississippi,Tupelo,34.308638,-88.709435,0,1,0,Bombing/Explosion,,Business,Retail/Grocery/Bakery,Walmart,Store,United States,,,,,,,,,,,Right-wing extremists,,,1,1,1,1,"Posted to website, blog, etc.",Explosives/Bombs/Dynamite,Other Explosive Type,,,,,0,0,0,0,0,0,-9,,0,,,,,,,,-9,-9,0,-9,0
2.02E+11,2015,11,4,California,Merced,37.365797,-120.424771,0,1,0,Armed Assault,,Educational Institution,School/University/Educational Building,"University of California, Merced",Campus,United States,,,,,,,,,,,Jihadi-inspired extremists,,,1,1,0,1,Note left at scene,Melee,Knife or Other Sharp Object,,,,,1,1,1,4,4,0,0,,0,,,,,,,,-9,-9,0,-9,1
2.02E+11,2015,11,6,California,Ingelwood,33.959535,-118.348342,0,1,0,Unarmed Assault,,Private Citizens & Property,Religion Identified,Not Applicable,Sikh Civilian: Balwinder Jit Singh,United States,,,,,,,,,,,Anti-Sikh extremists,,,1,1,1,1,Personal claim,Melee,"Hands, Feet, Fists",,,,,0,0,0,1,1,0,0,,0,,,,,,,,-9,-9,0,-9,0
2.02E+11,2015,11,15,Connecticut,Meriden,41.519714,-72.840257,0,1,0,Armed Assault,,Religious Figures/Institutions,Place of Worship,Baitul Aman Mosque,Mosque,United States,,,,,,,,,,,Anti-Muslim extremists,,,1,1,1,1,Personal claim,Firearms,Automatic Weapon,Firearms,Handgun,,,0,0,0,0,0,0,1,Minor (likely < $1 million),0,,,,,,,,-9,-9,0,-9,0
2.02E+11,2015,11,19,Virginia,Falls Church,38.861472,-77.146621,0,1,0,Facility/Infrastructure Attack,,Religious Figures/Institutions,Place of Worship,Dar Al-Hijrah Islamic Center,Mosque,United States,,,,,,,,,,,Anti-Muslim extremists,,,1,1,1,0,,Incendiary,Molotov Cocktail/Petrol Bomb,Fake Weapons,,,,0,0,0,0,0,0,1,Minor (likely < $1 million),0,,,,,,,,-9,-9,0,-9,0
2.02E+11,2015,11,27,Colorado,Colorado Springs,38.880893,-104.849045,0,1,0,Hostage Taking (Barricade Incident),Armed Assault,Abortion Related,Clinics,"Planned Parenthood Federation of America, Inc.",Clinic,United States,,,,,,,,,,,Anti-Abortion extremists,,,1,1,1,1,Personal claim,Firearms,Automatic Weapon,,,,,3,3,0,9,9,0,0,,1,-99,-99,5,0,5,Successful Rescue,-99,-9,-9,0,-9,1
2.02E+11,2015,12,2,California,San Bernardino,34.07577,-117.277924,0,1,0,Bombing/Explosion,Armed Assault,Government (General),"Government Personnel (excluding police, military)",San Bernardino Department of Public Health,Holiday Party,United States,,,,,,,,,,,Jihadi-inspired extremists,,,1,2,0,0,,Explosives/Bombs/Dynamite,Remote Trigger,Firearms,Automatic Weapon,,,16,15,2,17,17,0,0,,0,,,,,,,,-9,-9,0,-9,1
2.02E+11,2015,12,5,New York,New York City,40.781593,-73.91357,0,1,0,Unarmed Assault,,Private Citizens & Property,Religion Identified,Not Applicable,Muslim Civilian,United States,,,,,,,,,,,Anti-Muslim extremists,,,1,1,1,0,,Melee,"Hands, Feet, Fists",,,,,0,0,0,1,1,0,0,,0,,,,,,,,-9,-9,0,-9,0
2.02E+11,2015,12,8,North Dakota,Grand Forks,47.900053,-97.044649,0,1,0,Facility/Infrastructure Attack,,Business,Restaurant/Bar/Caf_,Jubba Cafe,Restaurant,United States,,,,,,,,,,,Anti-Muslim extremists,,,1,1,1,0,,Incendiary,Arson/Fire,,,,,0,0,0,0,0,0,1,Minor (likely < $1 million),0,,,,,,,,-9,-9,0,-9,0
2.02E+11,2015,12,11,California,Coachella,33.69288,-116.187442,0,1,0,Facility/Infrastructure Attack,,Religious Figures/Institutions,Place of Worship,Islamic Society of Coachella Valley,Mosque,United States,,,,,,,,,,,Anti-Muslim extremists,,,1,1,1,0,,Incendiary,Molotov Cocktail/Petrol Bomb,,,,,0,0,0,0,0,0,1,Minor (likely < $1 million),0,,,,,,,,-9,-9,0,-9,0
2.02E+11,2015,12,30,Pennsylvania,Colerain,39.896069,-76.056449,0,1,0,Bombing/Explosion,,Private Citizens & Property,Religion Identified,Not Applicable,Amish Phone Shed,United States,,,,,,,,,,,Unknown,,,1,2,2,1,Personal claim,Explosives/Bombs/Dynamite,Other Explosive Type,,,,,0,0,0,0,0,0,1,Minor (likely < $1 million),0,,,,,,,,-9,-9,0,-9,0
2.02E+11,2015,12,31,Pennsylvania,Strasburg,39.983107,-76.184353,0,1,0,Bombing/Explosion,,Private Citizens & Property,Religion Identified,Not Applicable,Amish Produce Shed,United States,,,,,,,,,,,Unknown,,,1,2,2,1,Personal claim,Explosives/Bombs/Dynamite,Other Explosive Type,,,,,0,0,0,0,0,0,1,Minor (likely < $1 million),0,,,,,,,,-9,-9,0,-9,0
2.02E+11,2016,1,7,Pennsylvania,Philadelphia,39.956614,-75.242429,0,1,0,Armed Assault,,Police,Police Security Forces/Officers,Philadelphia City Police,Officer: Jesse Hartnet,United States,,,,,,,,,,,Jihadi-inspired extremists,,,1,1,1,1,Personal claim,Firearms,Automatic Weapon,,,,,0,0,0,2,2,0,1,Minor (likely < $1 million),0,,,,,,,,-9,-9,0,-9,0
2.02E+11,2016,1,15,New York,New York City,40.828977,-73.856654,0,1,0,Unarmed Assault,,Private Citizens & Property,Religion Identified,Not Applicable,Muslim Civilian: Mujibur Rahman,Bangladesh,,,,,,,,,,,Anti-Muslim extremists,,,1,2,2,0,,Melee,"Hands, Feet, Fists",,,,,0,0,0,1,,0,0,,0,,,,,,,,-9,-9,1,1,0
2.02E+11,2016,2,11,Ohio,Columbus,40.064024,-82.863818,0,1,0,Armed Assault,,Business,Restaurant/Bar/Caf_,Nazareth Restaurant & Deli,Restaurant,United States,,,,,,,,,,,Muslim extremists,,,1,1,0,0,,Melee,Knife or Other Sharp Object,,,,,1,1,1,4,4,0,0,,0,,,,,,,,-9,-9,0,-9,0
2.02E+11,2016,2,28,California,Lake Los Angeles,34.605975,-117.829953,0,1,0,Armed Assault,,Private Citizens & Property,Race/Ethnicity Identified,Not Applicable,Hispanic Civilians,United States,,,,,,,,,,,White extremists,,,1,3,3,0,,Melee,Knife or Other Sharp Object,Melee,"Hands, Feet, Fists",,,0,0,0,3,3,0,0,,0,,,,,,,,-9,-9,0,-9,0
2.02E+11,2016,3,30,Massachusetts,Tyngsborough,42.691279,-71.438679,0,1,0,Facility/Infrastructure Attack,,Utilities,Electricity,Unknown,Power Lines,United States,,,,,,,,,,,Court Reform extremists,,,1,1,1,1,Note left at scene,Incendiary,Arson/Fire,,,,,0,0,0,0,0,0,1,Minor (likely < $1 million),0,,,,,,,,-9,-9,0,-9,0
2.02E+11,2016,6,12,Florida,Orlando,28.519601,-81.376794,0,1,0,Hostage Taking (Barricade Incident),Armed Assault,Business,Entertainment/Cultural/Stadium/Casino,Pulse Nightclub,Nightclub,United States,Private Citizens & Property,Judge/Attorney/Court,Not Applicable,Civilians,Multinational,,,,,,Jihadi-inspired extremists,,,1,1,0,1,Personal claim,Firearms,Automatic Weapon,Firearms,Handgun,,,50,44,1,53,48,0,1,Minor (likely < $1 million),1,-99,-99,3,0,6,Combination,-99,-9,-9,1,1,1
2.02E+11,2016,7,7,Texas,Dallas,32.779578,-96.804259,0,1,0,Armed Assault,,Police,Police Security Forces/Officers,Dallas Police Department,Officers,United States,,,,,,,,,,,Anti-White extremists,,,1,1,0,1,Personal claim,Firearms,Automatic Weapon,Firearms,Handgun,,,6,6,1,9,9,0,1,Minor (likely < $1 million),0,,,,,,,,-9,-9,0,-9,1
2.02E+11,2016,7,7,Tennessee,Bristol,36.58886,-82.185961,0,1,0,Armed Assault,,Police,Police Security Forces/Officers,Tennessee State Police,Officers,United States,Private Citizens & Property,Judge/Attorney/Court,Not Applicable,Civilians,United States,,,,,,Anti-Police extremists,,,1,1,1,1,Personal claim,Firearms,Automatic Weapon,Firearms,Handgun,,,1,1,0,4,4,1,1,Minor (likely < $1 million),0,,,,,,,,-9,-9,0,-9,0
2.02E+11,2016,7,17,Louisiana,Baton Rouge,30.433483,-91.080857,0,1,0,Armed Assault,,Police,Police Security Forces/Officers,Baton Rouge City Police,Officers,United States,,,,,,,,,,,Anti-Police extremists,,,1,1,0,0,,Firearms,Handgun,Firearms,Rifle/Shotgun (non-automatic),,,4,4,1,3,3,0,0,,0,,,,,,,,-9,-9,0,-9,1
2.02E+11,2016,9,12,Florida,Fort Pierce,27.374522,-80.337837,0,1,0,Facility/Infrastructure Attack,,Religious Figures/Institutions,Place of Worship,Islamic Center of Fort Pierce,Mosque,United States,,,,,,,,,,,Anti-Muslim extremists,,,1,1,1,1,Personal claim,Incendiary,Arson/Fire,,,,,0,0,0,0,0,0,1,Unknown,0,,,,,,,,-9,-9,0,-9,0
2.02E+11,2016,9,17,New Jersey,Seaside Park,39.925457,-74.074757,0,1,1,Bombing/Explosion,,Private Citizens & Property,"Procession/Gathering (funeral, wedding, birthday, religious)",Seaside Semper Five Marine Corps Charity 5K,Charity Race,United States,,,,,,,,,,,Jihadi-inspired extremists,,,1,1,1,1,Note left at scene,Explosives/Bombs/Dynamite,Remote Trigger,,,,,0,0,0,0,0,0,1,Minor (likely < $1 million),0,,,,,,,,-9,-9,0,-9,1
2.02E+11,2016,9,17,New York,New York City,40.743378,-73.993733,0,1,1,Bombing/Explosion,,Private Citizens & Property,Unnamed Civilian/Unspecified,Not Applicable,Civilians,United States,,,,,,,,,,,Jihadi-inspired extremists,,,1,1,1,1,Note left at scene,Explosives/Bombs/Dynamite,Remote Trigger,,,,,0,0,0,29,29,0,1,Minor (likely < $1 million),0,,,,,,,,-9,-9,0,-9,1
2.02E+11,2016,9,17,Minnesota,St. Cloud,45.555575,-94.210178,0,1,0,Armed Assault,,Business,Retail/Grocery/Bakery,Crossroads Center Shopping Mall,Shopping Mall,United States,,,,,,,,,,,Jihadi-inspired extremists,,,1,1,0,0,,Melee,Knife or Other Sharp Object,,,,,1,1,1,10,10,0,0,,0,,,,,,,,-9,-9,0,-9,1
2.02E+11,2016,9,18,New Jersey,Elizabeth,40.666781,-74.215785,0,1,1,Bombing/Explosion,,Transportation,Train/Train Tracks/Trolley,New Jersey Transit Corporation,Elizabeth Train Station,United States,,,,,,,,,,,Jihadi-inspired extremists,,,1,1,1,1,Note left at scene,Explosives/Bombs/Dynamite,Remote Trigger,,,,,0,0,0,0,0,0,1,Minor (likely < $1 million),0,,,,,,,,-9,-9,0,-9,1
2.02E+11,2016,10,13,Indiana,Indianapolis,39.826113,-86.227124,0,1,0,Armed Assault,,Police,"Police Building (headquarters, station, school)",Indianapolis Metropolitan Police Department,Headquarter,United States,,,,,,,,,,,Anti-White extremists,,,1,1,1,1,Note left at scene,Firearms,Automatic Weapon,,,,,0,0,0,0,0,0,1,Minor (likely < $1 million),0,,,,,,,,-9,-9,0,-9,0
2.02E+11,2016,11,28,Ohio,Columbus,40.00329,-83.011421,0,1,0,Armed Assault,,Private Citizens & Property,Student,Ohio State University,Students,United States,,,,,,,,,,,Jihadi-inspired extremists,,,1,1,0,1,"Posted to website, blog, etc.",Melee,Knife or Other Sharp Object,"Vehicle (not to include vehicle-borne explosives, i.e., car or truck bombs)",,,,1,0,1,11,11,0,0,,0,,,,,,,,-9,-9,0,-9,1